{"cameraMode":{"drawMode":0,"name":"Shaded","section":"Shading Mode"},"sceneLighting":true,"audioPlay":false,"sceneViewState":{"m_AlwaysRefresh":false,"showFog":true,"showSkybox":true,"showFlares":true,"showImageEffects":true,"showParticleSystems":true,"showVisualEffectGraphs":true,"m_FxEnabled":true},"in2DMode":false,"pivot":{"x":-3.391082763671875,"y":2.051356554031372,"z":-0.7320398092269898},"rotation":{"x":-0.00031720325932838023,"y":0.9995037913322449,"z":-0.013805747963488102,"w":-0.030010974034667016},"size":3.738161563873291,"orthographic":false}